NAME,RA,DEC,LIT_SPT,Discovery Ref.,ADS_Link,SIMBAD_TEFF,SIMBAD_LOGG,SIMBAD_FEH,SIMBAD_PARM_CITATION,GAIA_TEFF,GAIA_TEFF_LOWER,GAIA_TEFF_UPPER,GAIA_LOGG,GAIA_LOGG_LOWER,GAIA_LOGG_UPPER,GAIA_FEH,GAIA_FEH_LOWER,GAIA_FEH_UPPER
WISEA J000430.66−260402.3,1.1277310,-26.0665630,sdT2,Greco et al. 2019,https://ui.adsabs.harvard.edu/abs/2019AJ....158..182G/abstract,,,,,,,,,,,,,
WISEA J001354.40+063448.1,3.4766290,6.5800500,sdT8,Greco et al. 2019,https://ui.adsabs.harvard.edu/abs/2019AJ....158..182G/abstract,,,,,,,,,,,,,
UNCOVER-BD-1,3.5331892,-30.3701419,sdT1,Burgasser et al. 2024,https://ui.adsabs.harvard.edu/abs/2023arXiv230812107B/abstract,,,,,,,,,,,,,
WISEA J001450.17−083823.4,3.7046392,-8.6390397,esdL0,Kirkpatrick et al. 2019,https://ui.adsabs.harvard.edu/abs/2014ApJ...783..122K/abstract,,,,,,,,,,,,,
ULAS J002009.34+160451.1,5.0389330,16.0808790,sdM9,Zhang et al. 2018c,https://ui.adsabs.harvard.edu/abs/2018MNRAS.480.5447Z/abstract,,,,,,,,,,,,,
LSPM J0029+0717,7.2787183,7.2833484,sdM7,Zhang et al. 2013,https://ui.adsabs.harvard.edu/abs/2013MNRAS.434.1005Z/abstract,,,,,3000.557,3000.144,3001.513,5.222,5.211,5.232,-0.753,-0.772,-0.738
2MASS J00412179+3547133,10.3408790,35.7870536,sdL0.5,Zhang et al. 2017a,https://ui.adsabs.harvard.edu/abs/2017MNRAS.464.3040Z/abstract,,,,,,,,,,,,,
WISEA J004326.26+222124.0,10.8588758,22.3578851,sdL1,Kirkpatrick et al. 2019,https://ui.adsabs.harvard.edu/abs/2014ApJ...783..122K/abstract,,,,,,,,,,,,,
SDSS J004539.96+135032.6,11.4165400,13.8424200,sdM7.5,Lodieu et al. 2012,https://ui.adsabs.harvard.edu/abs/2012A%26A...542A.105L/abstract,,,,,,,,,,,,,
2MASS J00554279+1301043,13.9283256,13.0179339,sdM7,Kirkpatrick et al. 2010,https://ui.adsabs.harvard.edu/abs/2010ApJS..190..100K/abstract,,,,,,,,,,,,,
2MASS J00575687+2013075,14.4869650,20.2187610,sdL7,Zhang et al. 2013,https://ui.adsabs.harvard.edu/abs/2013MNRAS.434.1005Z/abstract,,,,,,,,,,,,,
SDSS J010448.46+153501.8,16.2019570,15.5838600,usdL1.5,Zhang et al. 2017b,https://ui.adsabs.harvard.edu/abs/2017MNRAS.468..261Z/abstract,,,,,,,,,,,,,
ULAS J010756.85+100811.3,16.9869130,10.1364800,sdM7,Zhang et al. 2018c,https://ui.adsabs.harvard.edu/abs/2018MNRAS.480.5447Z/abstract,,,,,,,,,,,,,
2MASS J01151621+3130061,18.8178538,31.5017099,sdM8,Burgasser et al. 2004,https://ui.adsabs.harvard.edu/abs/2004AJ....127.2856B/abstract,,,,,,,,,,,,,
WISEA J011639.05−165420.5,19.1609290,-16.9058841,sdL0,Schneider et al. 2016,https://ui.adsabs.harvard.edu/abs/2016ApJ...817..112S/abstract,,,,,,,,,,,,,
ULAS J011824.89+034130.4,19.6037330,3.6917860,sdL0,Zhang et al. 2018c,https://ui.adsabs.harvard.edu/abs/2018MNRAS.480.5447Z/abstract,,,,,,,,,,,,,
ULAS J011840.73+084424.7,19.6697170,8.7402050,sdL0,Zhang et al. 2018c,https://ui.adsabs.harvard.edu/abs/2018MNRAS.480.5447Z/abstract,,,,,,,,,,,,,
WISEA J013012.66−104732.4,22.5523774,-10.7913536,sdL0,Schneider et al. 2016,https://ui.adsabs.harvard.edu/abs/2016ApJ...817..112S/abstract,,,,,,,,,,,,,
LHS 1265,23.7465013,-9.0783582,esdM9.5,Pass et al. 2023,https://ui.adsabs.harvard.edu/abs/2023AJ....166...11P/abstract,,,,,3246.982,3241.447,3253.698,4.998,4.977,5.011,-1.225,-1.236,-1.203
2MASS J01423153+0523285,25.6313242,5.3914170,sdM8.5,Burgasser et al. 2009,https://ui.adsabs.harvard.edu/abs/2009ApJ...697..148B/abstract,,,,,,,,,,,,,
WISEA J020201.25−313645.2,30.5057814,-31.6091367,esdL0.5,Kirkpatrick et al. 2019,https://ui.adsabs.harvard.edu/abs/2014ApJ...783..122K/abstract,,,,,,,,,,,,,
2MASS J02053376+1238242,31.3906235,12.6400091,sdM8,Lodieu et al. 2017,https://ui.adsabs.harvard.edu/abs/2017A%26A...598A..92L/abstract,,,,,2951.723,2948.817,2954.885,5.364,5.357,5.369,-1.222,-1.239,-1.205
ULAS J020628.22+020255.6,31.6175960,2.0487890,sdM7,Zhang et al. 2018c,https://ui.adsabs.harvard.edu/abs/2018MNRAS.480.5447Z/abstract,,,,,,,,,,,,,
ULAS J020858.62+020657.0,32.2442580,2.1158600,esdL3,Zhang et al. 2018b,https://ui.adsabs.harvard.edu/abs/2018MNRAS.479.1383Z/abstract,,,,,,,,,,,,,
ULAS J021258.08+064115.9,33.2419630,6.6882120,sdL1,Zhang et al. 2018c,https://ui.adsabs.harvard.edu/abs/2018MNRAS.480.5447Z/abstract,,,,,,,,,,,,,
ULAS J021642.96+004005.7,34.1791030,0.6683320,sdL4,Zhang et al. 2018a,https://ui.adsabs.harvard.edu/abs/2018csss.confE..44Z/abstract,,,,,,,,,,,,,
SDSS J023557.61+010800.5,38.9900524,1.1335480,esdM7,Lodieu et al. 2010,https://ui.adsabs.harvard.edu/abs/2010ApJ...708L.107L/abstract,,,,,,,,,,,,,
ULAS J023803.12+054526.1,39.5126910,5.7575960,sdL0,Zhang et al. 2018c,https://ui.adsabs.harvard.edu/abs/2018MNRAS.480.5447Z/abstract,,,,,,,,,,,,,
ULAS J024035.36+060629.3,40.1475764,6.1083086,sdM7,Zhang et al. 2018c,https://ui.adsabs.harvard.edu/abs/2018MNRAS.480.5447Z/abstract,,,,,,,,,,,,,
Teegardens,43.2537158,16.8812867,sdM8,Rojas-Ayala et al. 2012,https://ui.adsabs.harvard.edu/abs/2012ApJ...748...93R/abstract,3031.000,,0.010,Marfil et al. 2021,,,,,,,,,
WISEA J030119.39−231921.1,45.3298620,-23.3220880,sdT1,Greco et al. 2019,https://ui.adsabs.harvard.edu/abs/2019AJ....158..182G/abstract,,,,,,,,,,,,,
WISEA J030601.66−033059.0,46.5059730,-3.5126280,esdL1,Kirkpatrick et al. 2019,https://ui.adsabs.harvard.edu/abs/2014ApJ...783..122K/abstract,,,,,,,,,,,,,
2MASS J03084507+3259277,47.1880153,32.9908107,sdL1,Schneider et al. 2016,https://ui.adsabs.harvard.edu/abs/2016ApJ...817..112S/abstract,,,,,3016.777,3010.687,3023.872,5.241,5.202,5.273,-0.997,-1.013,-0.971
LSPM J0330+3504,52.5718321,35.0833273,sdM7,Bardalez Gagliuffi et al. 2014,https://ui.adsabs.harvard.edu/abs/2014ApJ...794..143B/abstract,,,,,,,,,,,,,
CWISE J033039.63-234845.6,52.6651396,-23.8126937,sdM7,Kirkpatrick et al. 2016,https://ui.adsabs.harvard.edu/abs/2016ApJS..224...36K/abstract,,,,,,,,,,,,,
ULAS J033351.10+001405.8,53.4614426,0.2350580,esdL0,Zhang et al. 2019,https://ui.adsabs.harvard.edu/abs/2019MNRAS.489.1423Z/abstract,,,,,2864.804,2861.321,2870.240,5.243,5.210,5.253,-0.644,-0.678,-0.561
2MASS J03361338+0010129,54.05565902,0.1702744436,sdM7.5,Kirkpatrick et al. 2016,https://ui.adsabs.harvard.edu/abs/2016ApJS..224...36K/abstract,,,,,,,,,,,,,
LSPM J0402+1730,60.6799496,17.5037902,sdM7,Lépine et al. 2005,https://ui.adsabs.harvard.edu/abs/2005AJ....129.1483L/abstract,,,,,,,,,,,,,
WISEA J041451.67−585456.7,63.7152900,-58.9157500,esdT0,Schneider et al. 2020,https://ui.adsabs.harvard.edu/abs/2020ApJ...898...77S/abstract,1300.000,5.500,-1.000,Schneider et al. 2020,,,,,,,,,
WISEA J042236.95−044203.5,65.6539733,-4.7009816,sdT8,Meisner et al. 2020,https://ui.adsabs.harvard.edu/abs/2020ApJ...899..123M/abstract,,,,,,,,,,,,,
WISEA J043535.82+211508.9,68.8966272,21.2552596,esdL1,Kirkpatrick et al. 2019,https://ui.adsabs.harvard.edu/abs/2014ApJ...783..122K/abstract,,,,,2937.291,2922.991,2966.245,5.259,5.184,5.283,-1.034,-1.056,-0.960
2MASS J04470652-1946392,71.7770010,-19.7775004,sdM7,Kirkpatrick et al. 2010,https://ui.adsabs.harvard.edu/abs/2010ApJS..190..100K/abstract,,,,,3000.526,3000.141,3001.419,5.286,5.281,5.289,-0.948,-0.959,-0.934
LEHPM 2-59,73.0414713,-22.7525958,esdM8.5,Burgasser et al. 2006,https://ui.adsabs.harvard.edu/abs/2006ApJ...645.1485B/abstract,,,,,,,,,,,,,
2MASS J04524567-3608412,73.1903617,-36.1447928,esdL0,González-Payo et al. 2021,https://ui.adsabs.harvard.edu/abs/2021A%26A...650A.190G/abstract,2600.000,5.500,-1.400,Zhang et al. 2019,3147.485,3140.741,3153.223,5.021,5.006,5.036,-1.086,-1.094,-1.073
WISEA J045921.21+154059.2,74.8371636,15.6846616,sdL0,Kirkpatrick et al. 2019,https://ui.adsabs.harvard.edu/abs/2014ApJ...783..122K/abstract,,,,,,,,,,,,,
CWISE J052306.42-015355.4,80.7767549,-1.8987341,esdT0,Brooks et al. 2022,https://ui.adsabs.harvard.edu/abs/2022AJ....163...47B/abstract,,,,,,,,,,,,,
2MASS J05325346+8246465,83.2268105,82.7792114,esdL7,Burgasser et al. 2003,https://ui.adsabs.harvard.edu/abs/2003ApJ...592.1186B/abstract,,,,,3005.898,3001.197,3023.392,5.187,5.149,5.250,-0.900,-0.966,-0.832
APMPM J0559-2903,89.7455128,-29.0574191,esdM7.5,Schweitzer et al. 1999,https://ui.adsabs.harvard.edu/abs/1999A%26A...350L..62S/abstract,3200.000,5.400,-1.700,Rajpurohit et al. 2014,,,,,,,,,
2MASS J06164006−6407194,94.1669200,-64.1220800,esdL6,Cushing et al. 2009,https://ui.adsabs.harvard.edu/abs/2009ApJ...696..986C/abstract,,,,,,,,,,,,,
2MASS J06453153−6646120,101.3813840,-66.7700120,sdL8,Kirkpatrick et al. 2010,https://ui.adsabs.harvard.edu/abs/2010ApJS..190..100K/abstract,,,,,,,,,,,,,
WISEA J071121.36-573634.2,107.8389350,-57.6096440,sdT0,Kellogg et al. 2018,https://ui.adsabs.harvard.edu/abs/2018AJ....155...87K/abstract,,,,,,,,,,,,,
LSPM J0723+0316,110.9293666,3.2727198,sdM7.5,Kirkpatrick et al. 2016,https://ui.adsabs.harvard.edu/abs/2016ApJS..224...36K/abstract,,,,,,,,,,,,,
CWISE J073844.52−664334.6,114.6855000,-66.7262800,esdT0,Meisner et al. 2021,https://ui.adsabs.harvard.edu/abs/2021ApJ...915..120M/abstract,,,,,,,,,,,,,
ULAS J074431.30+283915.6,116.1301751,28.6546699,sdM7,Christopher et al. 2012,https://iopscience.iop.org/article/10.1088/0067-0049/203/2/21,,,,,,,,,,,,,
SDSS J075054.74+445418.7,117.7282219,44.9055551,sdL0.5,West et al. 2008,https://ui.adsabs.harvard.edu/abs/2008AJ....135..785W/abstract,,,,,,,,,,,,,
ULAS J075335.23+200622.4,118.3969223,20.1066599,sdL0,Zhang et al. 2018c,https://ui.adsabs.harvard.edu/abs/2018MNRAS.480.5447Z/abstract,,,,,,,,,,,,,
SDSS J080301.12+354848.5,120.7546363,35.8136031,esdM7.5,West et al. 2011,https://ui.adsabs.harvard.edu/abs/2011AJ....141...97W/abstract,,,,,,,,,,,,,
SDSS J080605.53+292800.8,121.5229795,29.4670707,esdM7.5,Lodieu et al. 2017,https://ui.adsabs.harvard.edu/abs/2017A%26A...598A..92L/abstract,,,,,,,,,,,,,
2MASS J08121049+3723223,123.0437120,37.3892901,esdM7,Lépine et al. 2008,https://ui.adsabs.harvard.edu/abs/2008ApJ...681L..33L/abstract,,,,,,,,,,,,,
2MASS J08220659+0441026,125.5274770,4.6840710,sdL0.5,Zhang et al. 2018c,https://ui.adsabs.harvard.edu/abs/2018MNRAS.480.5447Z/abstract,,,,,3013.328,3004.645,3025.411,5.239,5.221,5.263,-1.106,-1.124,-1.079
LSR J0822+1700,125.6406303,17.0052578,usdM7.5,Lodieu et al. 2019,https://ui.adsabs.harvard.edu/abs/2019A%26A...628A..61L/abstract,,,,,,,,,,,,,
WISE J082650.64+285251.9,126.7106637,28.8816887,sdM7,Lodieu et al. 2017,https://ui.adsabs.harvard.edu/abs/2017A%26A...598A..92L/abstract,,,,,,,,,,,,,
GJ 1111,127.4556366,26.7760067,sdM7,Burrows et al. 1989,https://ui.adsabs.harvard.edu/abs/1989ApJ...345..939B/abstract,3054.000,,-0.160,Marfil et al. 2021,3064.949,3054.048,3075.210,5.121,5.103,5.143,-1.046,-1.056,-1.037
LP  258-28,127.7152028,36.2157805,esdM7,Kesseli et al. 2019,https://ui.adsabs.harvard.edu/abs/2019AJ....157...63K/abstract,3200.000,-2.917,,Kesseli et al. 2019,,,,,,,,,
WISE J083337.82+005214.1,128.4054227,0.8752413,sdT9,Zhang et al. 2021,https://ui.adsabs.harvard.edu/abs/2021ApJ...921...95Z/abstract,,,,,,,,,,,,,
2MASS J08503941-0221528,132.6641425,-2.3646949,sdL7,Greco et al. 2019,https://ui.adsabs.harvard.edu/abs/2019AJ....158..182G/abstract,,,,,,,,,,,,,
2MASS J08554875+3636020,133.9529947,36.6004475,esdM7,Lodieu et al. 2017,https://ui.adsabs.harvard.edu/abs/2017A%26A...598A..92L/abstract,,,,,,,,,,,,,
LHS 2090,135.0981088,21.8346948,sdM7,Rojas-Ayala et al. 2012,https://ui.adsabs.harvard.edu/abs/2012ApJ...748...93R/abstract,3088.000,,-0.100,Marfil et al. 2021,,,,,,,,,
LP 426-61,137.2654234,19.6956433,sdM7,Lodieu et al. 2017,https://ui.adsabs.harvard.edu/abs/2017A%26A...598A..92L/abstract,,,,,,,,,,,,,
ULAS J092605.47+083516.9,141.5228190,8.5880390,sdT4.5,Burningham et al. 2010,https://ui.adsabs.harvard.edu/abs/2010MNRAS.406.1885B/abstract,,,,,,,,,,,,,
SDSS J093244.46+011259.8,143.1852301,1.2166387,sdM8.5,Lodieu et al. 2017,https://ui.adsabs.harvard.edu/abs/2017A%26A...598A..92L/abstract,,,,,,,,,,,,,
SDSS J094503.44+103600.2,146.2642478,10.6003282,sdM8.5,Lodieu et al. 2017,https://ui.adsabs.harvard.edu/abs/2017A%26A...598A..92L/abstract,,,,,,,,,,,,,
2MASS J09481253-2903268,147.0521206,-29.0575300,sdL1,Greco et al. 2019,https://ui.adsabs.harvard.edu/abs/2019AJ....158..182G/abstract,,,,,,,,,,,,,
WISE J095047.32+011733.3,147.6963140,1.2934589,sdT8,Mace et al. 2013,https://ui.adsabs.harvard.edu/abs/2013ApJS..205....6M/abstract,780.000,5.150,-0.300,Burningham et al. 2013,,,,,,,,,
SDSS J101200.28+204611.6,153.0016487,20.7702503,esdM8,Lodieu et al. 2017,https://ui.adsabs.harvard.edu/abs/2017A%26A...598A..92L/abstract,,,,,,,,,,,,,
SSSPM J1013-1356,153.2806102,-13.93923931,usdL0,Lodieu et al. 2019,https://ui.adsabs.harvard.edu/abs/2019A%26A...628A..61L/abstract,,,,,,,,,,,,,
WISEA J101329.72−724619.2,153.3770190,-72.7730870,sdL2,Kirkpatrick et al. 2016,https://ui.adsabs.harvard.edu/abs/2016ApJS..224...36K/abstract,,,,,,,,,,,,,
WISE J102757.73+340143.6,156.9908329,34.0302738,sdM8.5,Lodieu et al. 2017,https://ui.adsabs.harvard.edu/abs/2017A%26A...598A..92L/abstract,,,,,,,,,,,,,
SDSS J102839.48+593908.2,157.1643792,59.6523430,usdM7.5,West et al. 2008,https://ui.adsabs.harvard.edu/abs/2008AJ....135..785W/abstract,,,,,,,,,,,,,
ULAS J103317.93+053054.1,158.3250360,5.5152560,sdM7,Lodieu et al. 2017,https://ui.adsabs.harvard.edu/abs/2017A%26A...598A..92L/abstract,,,,,,,,,,,,,
2MASS J10353492-0711479,158.8955170,-7.1966470,sdL7,Greco et al. 2019,https://ui.adsabs.harvard.edu/abs/2019AJ....158..182G/abstract,,,,,,,,,,,,,
WISE J103658.89+033620.4,159.2453996,3.6065518,sdM7,Lodieu et al. 2017,https://ui.adsabs.harvard.edu/abs/2017A%26A...598A..92L/abstract,,,,,,,,,,,,,
SDSS J104410.01+300142.3,161.0421574,30.0286321,esdM7.5,Lodieu et al. 2017,https://ui.adsabs.harvard.edu/abs/2017A%26A...598A..92L/abstract,,,,,,,,,,,,,
LHS 292,162.0525594,-11.3360030,sdM7,Rojas-Ayala et al. 2012,https://ui.adsabs.harvard.edu/abs/2012ApJ...748...93R/abstract,3032.000,,-0.190,Marfil et al. 2021,,,,,,,,,
SDSS J105012.58+085122.6,162.5523765,8.8565379,sdM7,Lodieu et al. 2017,https://ui.adsabs.harvard.edu/abs/2017A%26A...598A..92L/abstract,,,,,,,,,,,,,
SDSS J105047.16+242241.9,162.6963975,24.3789373,esdM8,West et al. 2011,https://ui.adsabs.harvard.edu/abs/2011AJ....141...97W/abstract,,,,,,,,,,,,,
SDSS J105102.32+133346.9,162.7598106,13.5632197,sdM7.5,Lodieu et al. 2017,https://ui.adsabs.harvard.edu/abs/2017A%26A...598A..92L/abstract,,,,,,,,,,,,,
SDSS J105449.01+322527.0,163.7042077,32.4243055,usdM7,West et al. 2011,https://ui.adsabs.harvard.edu/abs/2011AJ....141...97W/abstract,,,,,,,,,,,,,
CWISE J105512.11+544328.3,163.8116160,54.7255486,sdT8,Kirkpatrick et al. 2021,https://ui.adsabs.harvard.edu/abs/2021ApJS..253....7K/abstract,,,,,,,,,,,,,
SDSS J105717.29+462102.3,164.3219632,46.3510776,esdM7,West et al. 2011,https://ui.adsabs.harvard.edu/abs/2011AJ....141...97W/abstract,,,,,,,,,,,,,
SDSS J110017.81+011218.6,165.0742340,1.2051820,sdM7,Lodieu et al. 2017,https://ui.adsabs.harvard.edu/abs/2017A%26A...598A..92L/abstract,,,,,,,,,,,,,
SDSS J110651.29+044814.9,166.7137226,4.8042133,sdM8.5,Lodieu et al. 2017,https://ui.adsabs.harvard.edu/abs/2017A%26A...598A..92L/abstract,,,,,,,,,,,,,
ULAS J111429.54+072809.5,168.6230850,7.4693070,esdL0,Zhang et al. 2018c,https://ui.adsabs.harvard.edu/abs/2018MNRAS.480.5447Z/abstract,,,,,,,,,,,,,
2MASS J11264705+5816325,171.6958729,58.2757279,sdL1,Schmidt et al. 2010,https://ui.adsabs.harvard.edu/abs/2010AJ....139.1808S/abstract,,,,,,,,,,,,,
SDSS J114452.67-031420.4,176.2194763,-3.2389794,esdM7,Lépine et al. 2008,https://ui.adsabs.harvard.edu/abs/2008ApJ...681L..33L/abstract,,,,,,,,,,,,,
WISEA J114553.61-250657.1,176.4742290,-25.1157092,sdM7,Schneider et al. 2016,https://ui.adsabs.harvard.edu/abs/2016ApJ...817..112S/abstract,,,,,,,,,,,,,
2MASS J11582077+0435014,179.5863881,4.5840000,sdL7,Kirkpatrick et al. 2010,https://ui.adsabs.harvard.edu/abs/2010ApJS..190..100K/abstract,,,,,,,,,,,,,
ULAS J115826.62+044746.8,179.6109366,4.7963890,sdM9.5,Lodieu et al. 2012,https://ui.adsabs.harvard.edu/abs/2012A%26A...542A.105L/abstract,,,,,,,,,,,,,
SDSS J120214.61+073113.7,180.5608652,7.5207729,esdM7,Lodieu et al. 2012,https://ui.adsabs.harvard.edu/abs/2012A%26A...542A.105L/abstract,,,,,,,,,,,,,
ULAS J121508.37+040200.5,183.7848140,4.0335832,sdM7,Lodieu et al. 2012,https://ui.adsabs.harvard.edu/abs/2012A%26A...542A.105L/abstract,,,,,,,,,,,,,
2MASS J12191495+0810307,184.8123102,8.1751871,sdM7,Greco et al. 2019,https://ui.adsabs.harvard.edu/abs/2019AJ....158..182G/abstract,,,,,,,,,,,,,
2MASS J12204296+6205315,185.1787143,62.0919875,sdM7,Greco et al. 2019,https://ui.adsabs.harvard.edu/abs/2019AJ....158..182G/abstract,,,,,,,,,,,,,
2MASS J12270506-0447207,186.7710085,-4.7890517,usdM8.5,Lodieu et al. 2019,https://ui.adsabs.harvard.edu/abs/2019A%26A...628A..61L/abstract,,,,,3000.742,3000.164,3003.202,5.305,5.297,5.309,-1.022,-1.037,-0.992
ULAS J123142.99+015045.4,187.9295683,1.8459204,sdL0,Zhang et al. 2018c,https://ui.adsabs.harvard.edu/abs/2018MNRAS.480.5447Z/abstract,,,,,,,,,,,,,
SDSS J123257.20+410723.5,188.2382139,41.1234264,esdM7,Lépine et al. 2008,https://ui.adsabs.harvard.edu/abs/2008ApJ...681L..33L/abstract,,,,,,,,,,,,,
ULAS J124104.75-000531.4,190.2697960,-0.0920700,sdL0,Zhang et al. 2018c,https://ui.adsabs.harvard.edu/abs/2018MNRAS.480.5447Z/abstract,,,,,,,,,,,,,
SDSS J124410.11+273625.8,191.0421180,27.6071780,esdL0.5,Lodieu et al. 2017,https://ui.adsabs.harvard.edu/abs/2017A%26A...598A..92L/abstract,,,,,,,,,,,,,
ULAS J124425.75+102439.3,191.1082044,10.4119942,esdL0.5,Lodieu et al. 2012,https://ui.adsabs.harvard.edu/abs/2012A%26A...542A.105L/abstract,,,,,,,,,,,,,
2MASS J12451711+6016103,191.3212584,60.2695206,sdM8.5,Greco et al. 2019,https://ui.adsabs.harvard.edu/abs/2019AJ....158..182G/abstract,,,,,2928.526,2919.516,2940.839,5.256,5.204,5.287,-0.936,-0.993,-0.822
SDSS J124904.38+100413.4,192.2682337,10.0705386,sdM7,Lodieu et al. 2017,https://ui.adsabs.harvard.edu/abs/2017A%26A...598A..92L/abstract,,,,,,,,,,,,,
ULAS J124947.04+095019.8,192.4454711,9.8382541,sdL1,Zhang et al. 2017a,https://ui.adsabs.harvard.edu/abs/2017MNRAS.464.3040Z/abstract,,,,,,,,,,,,,
ULAS J125134.40-005556.7,192.8935220,-0.9320880,sdM8,Lodieu et al. 2017,https://ui.adsabs.harvard.edu/abs/2017A%26A...598A..92L/abstract,,,,,,,,,,,,,
ULAS J125226.62+092920.1,193.1109470,9.4889200,sdL0.5,Zhang et al. 2018c,https://ui.adsabs.harvard.edu/abs/2018MNRAS.480.5447Z/abstract,,,,,,,,,,,,,
SDSS J125508.35+294939.1,193.7850080,29.8276103,usdM7,Ahumada et al. 2020,https://ui.adsabs.harvard.edu/abs/2020ApJS..249....3A/abstract,,,,,,,,,,,,,
SSSPM J1256-1408,194.0583877,-14.1445604,sdM9,Kirkpatrick et al. 2016,https://ui.adsabs.harvard.edu/abs/2016ApJS..224...36K/abstract,,,,,,,,,,,,,
SDSS J125637.13−022452.4,194.1547408,-2.4145184,usdL3,Zhang et al. 2013,https://ui.adsabs.harvard.edu/abs/2013MNRAS.434.1005Z/abstract,,,,,,,,,,,,,
SDSS J125938.97+493404.2,194.9125197,49.5678699,esdM7,West et al. 2011,https://ui.adsabs.harvard.edu/abs/2011AJ....141...97W/abstract,,,,,,,,,,,,,
2MASSW J1300425+191235,195.1771175,19.2096107,sdL1,Bardalez Gagliuffi et al. 2014,https://ui.adsabs.harvard.edu/abs/2014ApJ...794..143B/abstract,2200.000,,,Blake et al. 2010,,,,,,,,,
SDSS J130615.20+045908.8,196.5633202,4.9859140,sdM7,Lodieu et al. 2017,https://ui.adsabs.harvard.edu/abs/2017A%26A...598A..92L/abstract,,,,,,,,,,,,,
ULAS J130710.22+151103.4,196.7925850,15.1843030,sdL8,Zhang et al. 2018c,https://ui.adsabs.harvard.edu/abs/2018MNRAS.480.5447Z/abstract,,,,,,,,,,,,,
SDSS J130852.73+391142.8,197.2200713,39.1953673,sdM7,West et al. 2011,https://ui.adsabs.harvard.edu/abs/2011AJ....141...97W/abstract,,,,,,,,,,,,,
ULAS J131610.28+075553.0,199.0428300,7.9313900,sdT6.5,Burningham et al. 2014,https://ui.adsabs.harvard.edu/abs/2014MNRAS.440..359B/abstract,,,,,,,,,,,,,
ULAS J131705.66+091016.9,199.2736454,9.1717374,esdM7,Lodieu et al. 2012,https://ui.adsabs.harvard.edu/abs/2012A%26A...542A.105L/abstract,,,,,,,,,,,,,
SDSS J131822.82-011150.1,199.5950820,-1.1972490,esdM8,Lodieu et al. 2017,https://ui.adsabs.harvard.edu/abs/2017A%26A...598A..92L/abstract,,,,,,,,,,,,,
ULAS J131943.77+120900.2,199.9323770,12.1500720,sdT5,Burningham et al. 2010,https://ui.adsabs.harvard.edu/abs/2010MNRAS.406.1885B/abstract,,,,,,,,,,,,,
ULAS J132012.11+053943.6,200.0507880,5.6622340,esdM7.5,Lodieu et al. 2017,https://ui.adsabs.harvard.edu/abs/2017A%26A...598A..92L/abstract,,,,,,,,,,,,,
ULAS J132823.25+302144.8,202.0976613,30.3624663,sdM7,Lodieu et al. 2017,https://ui.adsabs.harvard.edu/abs/2017A%26A...598A..92L/abstract,,,,,,,,,,,,,
2MASS J13334822+2735115,203.4510080,27.5858030,sdL1,Kirkpatrick et al. 2016,https://ui.adsabs.harvard.edu/abs/2016ApJS..224...36K/abstract,,,,,,,,,,,,,
SDSS J133837.01-022908.4,204.6542120,-2.4856800,sdL7,Zhang et al. 2017a,https://ui.adsabs.harvard.edu/abs/2017MNRAS.464.3040Z/abstract,,,,,,,,,,,,,
ULAS J134206.86+053724.9,205.5288103,5.6241134,sdL0.5,Zhang et al. 2018c,https://ui.adsabs.harvard.edu/abs/2018MNRAS.480.5447Z/abstract,,,,,,,,,,,,,
ULAS J134423.98+280603.8,206.0999400,28.1010730,sdL4,Zhang et al. 2018c,https://ui.adsabs.harvard.edu/abs/2018MNRAS.480.5447Z/abstract,,,,,,,,,,,,,
WISE J134555.25+022247.2,206.4802199,2.3804041,esdM7.5,Lodieu et al. 2017,https://ui.adsabs.harvard.edu/abs/2017A%26A...598A..92L/abstract,,,,,,,,,,,,,
SDSS J134749.74+333601.7,206.9571575,33.6004938,sdL0,West et al. 2011,https://ui.adsabs.harvard.edu/abs/2011AJ....141...97W/abstract,,,,,,,,,,,,,
ULAS J134852.93+101611.8,207.2205580,10.2699680,sdL0,Zhang et al. 2018c,https://ui.adsabs.harvard.edu/abs/2018MNRAS.480.5447Z/abstract,,,,,,,,,,,,,
SDSS J135053.40+235024.3,207.7231129,23.8402203,sdM7,Lodieu et al. 2017,https://ui.adsabs.harvard.edu/abs/2017A%26A...598A..92L/abstract,,,,,,,,,,,,,
ULAS J135058.86+081506.8,207.7452480,8.2519110,usdL3,Burningham et al. 2010,https://ui.adsabs.harvard.edu/abs/2010MNRAS.404.1952B/abstract,,,,,,,,,,,,,
2MASS J13512249+1419168,207.8434720,14.3212336,esdM7,Zhang et al. 2018c,https://ui.adsabs.harvard.edu/abs/2018MNRAS.480.5447Z/abstract,,,,,,,,,,,,,
LSPM J1351+5506,207.8691150,55.1159574,esdM7,Lodieu et al. 2017,https://ui.adsabs.harvard.edu/abs/2017A%26A...598A..92L/abstract,,,,,3069.959,3064.389,3077.022,5.268,5.261,5.273,-0.957,-0.971,-0.937
ULAS J135216.31+312327.0,208.0694546,31.3910692,esdL0.5,Zhang et al. 2018c,https://ui.adsabs.harvard.edu/abs/2018MNRAS.480.5447Z/abstract,,,,,,,,,,,,,
ULAS J135359.58+011856.7,208.4982700,1.3157730,sdL0,Zhang et al. 2018c,https://ui.adsabs.harvard.edu/abs/2018MNRAS.480.5447Z/abstract,,,,,,,,,,,,,
WISEA J135501.90−825838.9,208.7634900,-82.9770890,sdL5,Kirkpatrick et al. 2016,https://ui.adsabs.harvard.edu/abs/2016ApJS..224...36K/abstract,,,,,,,,,,,,,
SDSS J141053.86+621742.6,212.7245297,62.2951046,esdM8,West et al. 2008,https://ui.adsabs.harvard.edu/abs/2008AJ....135..785W/abstract,,,,,,,,,,,,,
2MASS J14114474-4524153,212.9361037,-45.4043026,sdM9,Kirkpatrick et al. 2016,https://ui.adsabs.harvard.edu/abs/2016ApJS..224...36K/abstract,,,,,,,,,,,,,
2MASS J14120397+1216100,213.0165460,12.2694480,sdL5,Zhang et al. 2018c,https://ui.adsabs.harvard.edu/abs/2018MNRAS.480.5447Z/abstract,,,,,,,,,,,,,
SDSS J141405.74−014202.7,213.5236220,-1.7010410,esdL0,Lodieu et al. 2017,https://ui.adsabs.harvard.edu/abs/2017A%26A...598A..92L/abstract,,,,,,,,,,,,,
ULAS J141623.94+134836.3,214.0997590,13.8100890,sdT7.5,Burgasser et al. 2010,https://ui.adsabs.harvard.edu/abs/2010AJ....139.2448B/abstract,,,,,,,,,,,,,
SDSS J141624.08+134826.7,214.1003082,13.8072759,sdL7,Abazajian et al. 2009,https://ui.adsabs.harvard.edu/abs/2009ApJS..182..543A/abstract,,,,,,,,,,,,,
2MASS J14183233+0253259,214.6348751,2.8904600,sdL0,Zhang et al. 2018c,https://ui.adsabs.harvard.edu/abs/2018MNRAS.480.5447Z/abstract,,,,,,,,,,,,,
ULAS J142320.79+011638.2,215.8366300,1.2772800,sdT8,Mace et al. 2013,https://ui.adsabs.harvard.edu/abs/2013ApJS..205....6M/abstract,680.000,5.000,-0.360,Burningham et al. 2013,,,,,,,,,
LSPM J1425+7102,216.2709223,71.0360241,sdM8,Lépine et al. 2013,https://ui.adsabs.harvard.edu/abs/2003ApJ...585L..69L/abstract,,,,,2947.002,2938.393,2979.516,5.319,5.239,5.332,-1.132,-1.166,-1.028
LHS 2924,217.1801147,33.1775720,sdM9,Boeshaar et al. 1985,https://ui.adsabs.harvard.edu/abs/1985AJ.....90..817B/abstract,2500.000,5.000,,Gagné et al. 2015,,,,,,,,,
2MASS J14313097+1436539,217.8788524,14.6149588,sdL1,Sheppard et al. 2009,https://ui.adsabs.harvard.edu/abs/2009AJ....137..304S/abstract,,,,,,,,,,,,,
ULAS J143154.18-004114.3,217.9757610,-0.6873080,sdM9,Zhang et al. 2018c,https://ui.adsabs.harvard.edu/abs/2018MNRAS.480.5447Z/abstract,,,,,,,,,,,,,
2MASS J14343616+2202463,218.6507107,22.0462443,sdM9,Sheppard et al. 2009,https://ui.adsabs.harvard.edu/abs/2009AJ....137..304S/abstract,,,,,,,,,,,,,
2MASS J14351706-0147115,218.8212141,-1.7865082,sdM9,Zhang et al. 2018c,https://ui.adsabs.harvard.edu/abs/2018MNRAS.480.5447Z/abstract,,,,,,,,,,,,,
SDSS J143645.25+310914.7,219.1887896,31.1541942,esdM7,Lépine et al. 2008,https://ui.adsabs.harvard.edu/abs/2008ApJ...681L..33L/abstract,,,,,,,,,,,,,
LHS 377,219.7512861,18.6607528,sdM7,Kesseli et al. 2019,https://ui.adsabs.harvard.edu/abs/2019AJ....157...63K/abstract,3000.000,-2.993,,Kesseli et al. 2019,,,,,,,,,
2MASS J14394298-1100430,219.9290601,-11.0120408,sdL1,Greco et al. 2019,https://ui.adsabs.harvard.edu/abs/2019AJ....158..182G/abstract,,,,,,,,,,,,,
2MASS J14405684-2225149,220.2367562,-22.4209250,sdM8.5,Greco et al. 2019,https://ui.adsabs.harvard.edu/abs/2019AJ....158..182G/abstract,,,,,2864.354,2858.209,2872.653,5.125,5.114,5.137,-0.180,-0.220,-0.138
BRLT 253,220.4648080,4.6273550,sdL4,Zhang et al. 2018c,https://ui.adsabs.harvard.edu/abs/2018MNRAS.480.5447Z/abstract,,,,,,,,,,,,,
SSSPM J1444-2019,221.0847404,-20.3237455,sdL0,Kirkpatrick et al. 2016,https://ui.adsabs.harvard.edu/abs/2016ApJS..224...36K/abstract,,,,,,,,,,,,,
ULAS J145234.65+043738.4,223.1444000,4.6273750,esdL0.5,Zhang et al. 2018c,https://ui.adsabs.harvard.edu/abs/2018MNRAS.480.5447Z/abstract,,,,,,,,,,,,,
SDSS J145255.58+272324.4,223.2318279,27.3904304,sdL1,Schmidt et al. 2010,https://ui.adsabs.harvard.edu/abs/2010AJ....139.1808S/abstract,,,,,,,,,,,,,
ULAS J150457.65+053800.8,226.2402340,5.6335630,sdT5.5,Zhang et al. 2019,https://ui.adsabs.harvard.edu/abs/2019MNRAS.486.1260Z/abstract,965.000,5.200,-0.300,Burningham et al. 2013,,,,,,,,,
SIPS J1512-0112,228.0742763,-1.2095564,sdM7,Lodieu et al. 2017,https://ui.adsabs.harvard.edu/abs/2017A%26A...598A..92L/abstract,,,,,,,,,,,,,
BRLT 283,229.2077060,8.6019820,sdL5,Zhang et al. 2018c,https://ui.adsabs.harvard.edu/abs/2018MNRAS.480.5447Z/abstract,,,,,,,,,,,,,
ULAS J151913.03-000030.0,229.8043280,-0.0083600,esdL4,Zhang et al. 2017a,https://ui.adsabs.harvard.edu/abs/2017MNRAS.464.3040Z/abstract,,,,,,,,,,,,,
WISE J152434.49+002057.5,231.1442728,0.3494162,sdM7,Lodieu et al. 2017,https://ui.adsabs.harvard.edu/abs/2017A%26A...598A..92L/abstract,,,,,,,,,,,,,
SDSS J153037.83+495205.7,232.6578633,49.8682479,sdM7,Lépine et al. 2008,https://ui.adsabs.harvard.edu/abs/2008ApJ...681L..33L/abstract,,,,,,,,,,,,,
2MASS J15412408+5425598,235.3503962,54.4333447,sdM7.5,Burgasser et al. 2004,https://ui.adsabs.harvard.edu/abs/2004AJ....127.2856B/abstract,,,,,,,,,,,,,
ULAS J154638.34-011213.0,236.6597580,-1.2036380,sdL3,Zhang et al. 2018c,https://ui.adsabs.harvard.edu/abs/2018MNRAS.480.5447Z/abstract,,,,,,,,,,,,,
2MASS J15522538+0951585,238.1057838,9.8662941,sdM7,Greco et al. 2019,https://ui.adsabs.harvard.edu/abs/2019AJ....158..182G/abstract,,,,,,,,,,,,,
WISE J155349.98+693355.2,238.4582860,69.5653400,sdT3,Meisner et al. 2021,https://ui.adsabs.harvard.edu/abs/2021ApJ...915..120M/abstract,1200.000,5.000,-0.500,Meisner et al. 2021,,,,,,,,,
2MASS J15561873+1300527,239.0780633,13.0146447,sdM8,West et al. 2011,https://ui.adsabs.harvard.edu/abs/2011AJ....141...97W/abstract,,,,,,,,,,,,,
SDSS J155707.09+283531.5,239.2795825,28.5922409,usdM7,Adelman-McCarthy et al. 2008,https://ui.adsabs.harvard.edu/abs/2008ApJS..175..297A/abstract,,,,,,,,,,,,,
2MASS J16141954-8151154,243.5819541,-81.8543183,usdM9,Kirkpatrick et al. 2016,https://ui.adsabs.harvard.edu/abs/2016ApJS..224...36K/abstract,,,,,3001.108,3000.109,3019.284,5.313,5.286,5.320,-1.054,-1.078,-0.969
2MASS J16262034+3925190,246.5838887,39.4220802,usdL4,Zhang et al. 2013,https://ui.adsabs.harvard.edu/abs/2013MNRAS.434.1005Z/abstract,,,,,,,,,,,,,
2MASS J16403197+1231068,250.1331099,12.5184894,esdL0,Burgasser et al. 2004,https://ui.adsabs.harvard.edu/abs/2004AJ....127.2856B/abstract,,,,,,,,,,,,,
2MASS J16403561+2922225,250.1483975,29.3729562,sdM8,Burgasser et al. 2004,https://ui.adsabs.harvard.edu/abs/2004AJ....127.2856B/abstract,,,,,,,,,,,,,
SDSS J164451.75+310352.8,251.2155915,31.0647835,esdM8,Lépine et al. 2008,https://ui.adsabs.harvard.edu/abs/2008ApJ...681L..33L/abstract,,,,,,,,,,,,,
Gl 644 C,253.8968989,-8.3946536,sdM7,Bardalez Gagliuffi et al. 2019,https://ui.adsabs.harvard.edu/abs/2019ApJ...883..205B/abstract,2989.000,,0.000,Marfil et al. 2021,,,,,,,,,
SDSS J165850.26+182000.6,254.7096132,18.3333569,sdL1,West et al. 2008,https://ui.adsabs.harvard.edu/abs/2008AJ....135..785W/abstract,,,,,,,,,,,,,
GJ 660.1B,258.2133853,-5.1237304,sdM7,Aganze et al. 2016,https://ui.adsabs.harvard.edu/abs/2016AJ....151...46A/abstract,2550.000,,,Aganze et al. 2016,,,,,,,,,
2MASS J17561080+2815238,269.0448777,28.2565151,sdL1,Kirkpatrick et al. 2010,https://ui.adsabs.harvard.edu/abs/2010ApJS..190..100K/abstract,,,,,,,,,,,,,
WISEA J181006.18−101000.5,272.5257500,-10.1668100,esdT0,Schneider et al. 2020,https://ui.adsabs.harvard.edu/abs/2020ApJ...898...77S/abstract,800.000,5.000,-1.500,Kirkpatrick et al. 2021,,,,,,,,,
2MASS J18201045+2021263,275.0435869,20.3573279,sdM8.5,Greco et al. 2019,https://ui.adsabs.harvard.edu/abs/2019AJ....158..182G/abstract,,,,,3118.619,3110.958,3128.917,4.988,4.964,5.008,-1.005,-1.021,-0.958
LSR J1826+3014,276.5458466,30.2385765,sdL0,Lépine et al. 2002,https://ui.adsabs.harvard.edu/abs/2002ApJ...581L..47L/abstract,,,,,,,,,,,,,
2MASS J18353790+3259545,278.9078338,32.9981434,sdM8,Berger et al. 2006,https://ui.adsabs.harvard.edu/abs/2006ApJ...648..629B/abstract,2400.000,5.000,,Rajpurohit et al. 2018,,,,,,,,,
2MASS J18355309-3217129,278.9713018,-32.2868673,sdM7,Kirkpatrick et al. 2010,https://ui.adsabs.harvard.edu/abs/2010ApJS..190..100K/abstract,,,,,,,,,,,,,
V* V492 Lyr,280.8421916,40.6725955,sdM7,Kirkpatrick et al. 2016,https://ui.adsabs.harvard.edu/abs/2016ApJS..224...36K/abstract,2709.000,,-0.040,Rojas-Ayala et al. 2012,,,,,,,,,
SSSPM J1930-4311,292.4208556,-43.1767403,sdM7,Luhman et al. 2014a,https://ui.adsabs.harvard.edu/abs/2004A%26A...425..519S/abstract,,,,,2989.210,2978.536,3014.890,5.315,5.270,5.329,-1.055,-1.096,-0.903
WISE J194128.98−342335.8,295.3697924,-34.3918482,sdM8,Luhman et al. 2014b,https://ui.adsabs.harvard.edu/abs/2014ApJ...781....4L/abstract,,,,,,,,,,,,,
PM J19418-0208,295.4705268,-2.1460941,sdM8,Kirkpatrick et al. 2016,https://ui.adsabs.harvard.edu/abs/2016ApJS..224...36K/abstract,,,,,,,,,,,,,
WISE J200520.38+542433.9,301.3407439,54.4120205,sdT8,Mace et al. 2013,https://ui.adsabs.harvard.edu/abs/2013ApJ...777...36M/abstract,,,,,,,,,,,,,
2MASS J20115649-6201127,302.9852030,-62.0201095,sdM8,Marocco et al. 2013,https://ui.adsabs.harvard.edu/abs/2013AJ....146..161M/abstract,,,,,,,,,,,,,
LSPM J2036+5100,309.0900582,51.0013042,sdM7.5,Lépine et al. 2003,https://ui.adsabs.harvard.edu/abs/2003AJ....125.1598L/abstract,,,,,,,,,,,,,
2MASS J20402401+6959057,310.1004436,69.9850469,esdL0.5,Kirkpatrick et al. 2016,https://ui.adsabs.harvard.edu/abs/2016ApJS..224...36K/abstract,,,,,,,,,,,,,
2MASS J21340795+7132312,323.5336202,71.5421521,usdL0.5,Kirkpatrick et al. 2016,https://ui.adsabs.harvard.edu/abs/2016ApJS..224...36K/abstract,,,,,,,,,,,,,
CWISE J221706.28−145437.6,334.2761700,-14.9104400,esdT0,Meisner et al. 2021,https://ui.adsabs.harvard.edu/abs/2021ApJ...915..120M/abstract,,,,,,,,,,,,,
ULAS J223302.03+062030.8,338.2584980,6.3419010,esdL0.5,Zhang et al. 2018c,https://ui.adsabs.harvard.edu/abs/2018MNRAS.480.5447Z/abstract,,,,,,,,,,,,,
ULAS J223440.80+001002.6,338.6700050,0.1673950,sdL1,Zhang et al. 2018c,https://ui.adsabs.harvard.edu/abs/2018MNRAS.480.5447Z/abstract,,,,,,,,,,,,,
2MASS J22590210+1156035,344.7589440,11.9339290,sdL0,Zhang et al. 2018c,https://ui.adsabs.harvard.edu/abs/2018MNRAS.480.5447Z/abstract,,,,,,,,,,,,,
ULAS J230256.53+121310.2,345.7356050,12.2195540,sdL0,Zhang et al. 2018c,https://ui.adsabs.harvard.edu/abs/2018MNRAS.480.5447Z/abstract,,,,,,,,,,,,,
ULAS J230443.30+093423.9,346.1804490,9.5733290,sdL0,Zhang et al. 2018c,https://ui.adsabs.harvard.edu/abs/2018MNRAS.480.5447Z/abstract,,,,,,,,,,,,,
ULAS J230711.01+014447.1,346.7958890,1.7464400,usdL4.5,Zhang et al. 2018b,https://ui.adsabs.harvard.edu/abs/2018MNRAS.479.1383Z/abstract,,,,,,,,,,,,,
ULAS J231924.35+052524.5,349.8514910,5.4234980,esdL1,Zhang et al. 2018c,https://ui.adsabs.harvard.edu/abs/2018MNRAS.480.5447Z/abstract,,,,,,,,,,,,,
LSPM J2331+4607N,352.8253266,46.1252132,sdM7,Lépine et al. 2005,https://ui.adsabs.harvard.edu/abs/2005AJ....129.1483L/abstract,,,,,,,,,,,,,
2MASS J23470713+0219127,356.7799271,2.3202519,sdM7,Schneider et al. 2016,https://ui.adsabs.harvard.edu/abs/2016ApJ...817..112S/abstract,,,,,,,,,,,,,
WISE J235408.36+551854.5,358.5293715,55.3172641,sdM8,Luhman et al. 2014b,https://ui.adsabs.harvard.edu/abs/2014ApJ...781....4L/abstract,,,,,,,,,,,,,